12:50 PM,
10:40 AM,
3:00 PM,
10:50 AM,
3:10 PM,
5:40 PM,
2:30 PM,FRIDAY,WINE,AND,NINE
11:20 AM,
2:20 PM,FRIDAY,WINE,AND,NINE
1:50 PM,
5:30 PM,
8:10 AM,
10:30 AM,
8:00 AM,
6:00 PM,
11:10 AM,
8:20 AM,
4:00 PM,
3:30 PM,
10:20 AM,
2:50 PM,
11:00 AM,
10:10 AM,
3:20 PM,
8:30 AM,
5:50 PM,
2:40 PM,
9:00 AM,
12:00 PM,
3:50 PM,
1:10 PM,
5:00 PM,
8:40 AM,
9:10 AM,
10:00 AM,
4:20 PM,
1:00 PM,
11:50 AM,
3:40 PM,
12:10 PM,
8:50 AM,
4:10 PM,
9:20 AM,
9:40 AM,
5:20 PM,
11:40 AM,
4:50 PM,
1:40 PM,
12:20 PM,
12:30 PM,
4:40 PM,
9:50 AM,
9:30 AM,
2:10 PM,FRIDAY,WINE,AND,NINE
12:40 PM,
5:10 PM,
1:20 PM,
1:30 PM,
4:30 PM,
11:30 AM,
2:00 PM,FRIDAY,WINE,AND,NINE
